sreekar,Root-123,1001552496,user,sreekar,sandri,11/5/1996,6823207364,sm@gmail.com,11111111,212SSSSSS,TRUE
Sreekar,Root-123!,1001552496,user,sreekar,sandri,5/11/1996,6823207364,sm@gmail.com,11111111,71712Marte,FALSE
Sreek,Root-123!,1001552496,user,sreekar,sandri,5/11/1996,6823207364,sm@gmail.com,11111111,71712Marte,TRUE
sonalifsgfegfd,Root-123!,1001552496,user,sreekar,sandri,5/11/1996,6823207364,sm@gmail.com,11111111,71712Marte,FALSE
sonalifsgfegfddf,Root-123!,1001552496,user,sreekar,sandri,5/11/1996,6823207364,sm@gmail.com,11111111,71712Marte,TRUE
Sreekar,Rot-1,1001552496,user,sreekar,sandri,5/11/1996,6823207364,sm@gmail.com,11111111,71712Marte,TRUE
Sreekar,Root-1,1001552496,user,sreekar,sandri,5/11/1996,6823207364,sm@gmail.com,11111111,71712Marte,FALSE
Nandit,root123,1001552496,user,sreekar,sandri,5/11/1996,6823207364,sm@gmail.com,11111111,71712 Martle Pl Frisco,TRUE
123,root123,1001552496,user,sreekar,sandri,5/11/1996,6823207364,sm@gmail.com,11111111,71712 Martle Pl Frisco,TRUE
123,root123,abc,user,sreekar,sandri,5/11/1996,6823207364,sm@gmail.com,11111111,71712 Martle Pl Frisco,TRUE
123,root123,123,user,sreekar,sandri,5/11/1996,6823207364,sm@gmail.com,11111111,71712 Martle Pl Frisco,TRUE
Nandit,Root-123,1001552496,Rental Manager,sreekar,sandri,5/11/1996,6823207364,sm@gmail.com,11111111,71712 Martle Pl Frisco,FALSE
Nandit,Root-123!,1001552496,Admin,sreekar,sandri,5/11/1996,6823207364,sm@gmail.com,11111111,71712 Martle Pl Frisco,FALSE
Nandit,Root-123!,1001552496,Admin,sreekar,sandri,5/11/1996,6823207364,smgmail.com,11111111,71712 Martle Pl Frisco,TRUE
Nandit,Root-123!,1001552496,Admin,sreekar,sandri,5/11/1990,6823207364,smgmail.com,11111111,71712 Martle Pl Frisco,TRUE
Nanditcfvgvfvgvg,Root-123!,1001552496,Admin,sreekar,sandri,5/11/1990,6823207364,smgmail.com,11111111,71712 Martle Pl Frisco,TRUE
Nanditcfvgvfvgvgf,Root-123!,1001552496,Admin,sreekar,sandri,5/11/1990,6823207364,smgmail.com,11111111,71712 Martle Pl Frisco,TRUE
Nanditcfvgvfvgvdssag,Root-123!,1001552496,Admin,sreekar,sandri,5/11/1990,6823207364,smgmail.com,11111111,71712 Martle Pl Frisco,TRUE
Nandit,Root-123!,1001552496,Admin,sreekar,sandri,11/5/1990,6823207364,smgmail.com,11111111,71712 Martle Pl Frisco,TRUE
,,,,,,,,,,,TRUE
,Root-123!,1001552496,Admin,sreekar,sandri,11/5/1990,6823207364,smgmail.com,11111111,71712 Martle Pl Frisco,TRUE
,,1001552496,Admin,sreekar,sandri,11/5/1990,6823207364,smgmail.com,11111111,71712 Martle Pl Frisco,TRUE
,,,Admin,sreekar,sandri,11/5/1990,6823207364,smgmail.com,11111111,71712 Martle Pl Frisco,TRUE
,,,,sreekar,sandri,11/5/1990,6823207364,smgmail.com,11111111,71712 Martle Pl Frisco,TRUE
,,,,,sandri,11/5/1990,6823207364,smgmail.com,11111111,71712 Martle Pl Frisco,TRUE
,,,,,,11/5/1990,6823207364,smgmail.com,11111111,71712 Martle Pl Frisco,TRUE
,,,,,,,6823207364,smgmail.com,11111111,71712 Martle Pl Frisco,TRUE
,,,,,,,,smgmail.com,11111111,71712 Martle Pl Frisco,TRUE
,,,,,,,,,11111111,71712 Martle Pl Frisco,TRUE
,,,,,,,,,,71712 Martle Pl Frisco,TRUE
Nandit,Root-123!,1001552496,Admin,sreekar,sandri,11/5/1990,6823207364,smgmail.com,11111111,,TRUE
Nandit,Root-123!,1001552496,Admin,sreekar,sandri,11/5/1990,6823207364,smgmail.com,,,TRUE
Nandit,Root-123!,1001552496,Admin,sreekar,sandri,11/5/1990,6823207364,,,,TRUE
Nandit,Root-123!,1001552496,Admin,sreekar,sandri,11/5/1990,,,,,TRUE
Nandit,Root-123!,1001552496,Admin,sreekar,sandri,,,,,,TRUE
Nandit,Root-123!,1001552496,Admin,sreekar,,,,,,,TRUE
Nandit,Root-123!,1001552496,Admin,,,,,,,,TRUE
Nandit,Root-123!,1001552496,,,,,,,,,TRUE
Nandit,Root-123!,,,,,,,,,,TRUE
Nandit,,,,,,,,,,,TRUE
Nandit#,Root-123!,1001552496,Admin,sreekar,sandri,11/5/1990,6823207364,smgmail.com,11111111,71712 Martle Pl Frisco,TRUE
Nandit,Root,1001552496,Admin,sreekar,sandri,11/5/1990,6823207364,smgmail.com,11111111,71712 Martle Pl Frisco,TRUE
Nandit,ROOT,1001552496,Admin,sreekar,sandri,11/5/1990,6823207364,smgmail.com,11111111,71712 Martle Pl Frisco,TRUE
Nandit,_#,1001552496,Admin,sreekar,sandri,11/5/1990,6823207364,smgmail.com,11111111,71712 Martle Pl Frisco,TRUE
Nandit,ootooghj,1001552496,Admin,sreekar,sandri,11/5/1990,6823207364,smgmail.com,11111111,71712 Martle Pl Frisco,TRUE
Nandit,12345678,1001552496,Admin,sreekar,sandri,11/5/1990,6823207364,smgmail.com,11111111,71712 Martle Pl Frisco,TRUE
Nandit,ROOT-123,1001552496,Admin,sreekar,sandri,11/5/1990,6823207364,smgmail.com,11111111,71712 Martle Pl Frisco,TRUE
Nandit,ROOT-abc,1001552496,Admin,sreekar,sandri,11/5/1990,6823207364,smgmail.com,11111111,71712 Martle Pl Frisco,TRUE
Nandit,ROOT123c,1001552496,Admin,sreekar,sandri,11/5/1990,6823207364,smgmail.com,11111111,71712 Martle Pl Frisco,TRUE
Nandit,Root-123!,10552496,Admin,sreekar,sandri,11/5/1990,6823207364,smgmail.com,11111111,71712 Martle Pl Frisco,TRUE
Nandit,Root-123!,abc1234567,Admin,sreekar,sandri,11/5/1990,6823207364,smgmail.com,11111111,71712 Martle Pl Frisco,TRUE
Nandit,Root-123,1001552496,Rental Manager,sreekar#,sandri,5/11/1996,6823207364,sm@gmail.com,11111111,71712 Martle Pl Frisco,TRUE
Nandit,Root-123,1001552496,Rental Manager,sreekar,sandri#,5/11/1996,6823207364,sm@gmail.com,11111111,71712 Martle Pl Frisco,TRUE
Sreekar,Root-123!,1001552496,user,sreekar,sandri,fgfgh,6823207364,sm@gmail.com,11111111,71712 Martle Pl Frisco,TRUE
Sreekar,Root-123!,1001552496,user,sreekar,sandri,5/11/1996,68207364,sm@gmail.com,11111111,71712 Martle Pl Frisco,TRUE
Sreekar,Root-123!,1001552496,user,sreekar,sandri,5/11/1996,68ab207364,sm@gmail.com,11111111,71712 Martle Pl Frisco,TRUE
Nandit,Root-123!,1001552496,Admin,sreekar,sandri,5/11/1996,6823207364,sm@gmail.com,11111111,7171Maddresstestartle Pl FriscoMaddresstestartleMaddresstestartleMaddresstestartleMaddresstestartl,FALSE
Nandit,Root-123!,1001552496,Admin,sreekar,sandri,5/11/1996,6823207364,sm@gmail.com,11111111,7171Maddresstestartle Pl FriscoMayddresstestartleMaddresstestartleMaddresstestartleMaddresstestartlf,TRUE
Nandit,Root-123!,1001552496,Admin,sreekar,sandri,5/11/1996,6823207364,sm@gmail.com,111111,71712 Martle Pl Frisco,TRUE
Nandit,Root-123!,1001552496,Admin,sreekar,sandri,5/11/1996,6823207364,sm@gmail.com,ab111111,71712 Martle Pl Frisco,TRUE
Nandi,Root-123!,1001552496,Admin,sreekar,sandri,5/11/1996,6823207364,sm@gmail.com,ab111111,71712 Martle Pl Frisco,TRUE
Nand,Root-123!,1001552496,Admin,sreekar,sandri,5/11/1996,6823207364,sm@gmail.com,ab111111,71712 Martle Pl Frisco,TRUE
Sreekar,Root-123!,100155249,user,sreekar,sandri,5/11/1996,6823207364,sm@gmail.com,11111111,71712Marte,TRUE
Sreekar,Root-123!,10015524961,user,sreekar,sandri,5/11/1996,6823207364,sm@gmail.com,11111111,71712Marte,TRUE
Sreekar,root-123!,1001552496,user,sreekar,sandri,5/11/1996,6823207364,sm@gmail.com,11111111,71712Marte,TRUE
Sreekar,ROOT-123!,1001552496,user,sreekar,sandri,5/11/1996,6823207364,sm@gmail.com,11111111,71712Marte,TRUE
Sreekar,Root-!,1001552496,user,sreekar,sandri,5/11/1996,6823207364,sm@gmail.com,11111111,71712Marte,TRUE
Sreekar,Root1234,1001552496,user,sreekar,sandri,5/11/1996,6823207364,sm@gmail.com,11111111,71712Marte,TRUE
Sreekar,Root-123!,100155a496,user,sreekar,sandri,5/11/1996,6823207364,sm@gmail.com,11111111,71712Marte,TRUE
Sreekar-,Root-123!,1001552496,user,sreekar,sandri,5/11/1996,6823207364,sm@gmail.com,11111111,71712Marte,FALSE
Sreekar_,Root-123!,1001552496,user,sreekar,sandri,5/11/1996,6823207364,sm@gmail.com,11111111,71712Marte,FALSE
Sreekar$,Root-123!,1001552496,user,sreekar,sandri,5/11/1996,6823207364,sm@gmail.com,11111111,71712Marte,TRUE
